<?xml version="1.0"  encoding="ISO-8859-1"?>
<!DOCTYPE Configure PUBLIC "-//Mort Bay Consulting//DTD Configure 1.2//EN" "http://jetty.mortbay.org/configure_1_2.dtd">

<Configure class="org.mortbay.jetty.Server">
  <Call name="addListener">
    <Arg>
      <New class="org.mortbay.http.SocketListener">
        <Set name="Port"><SystemProperty name="jetty.port" default="8080"/></Set>
        <Set name="MinThreads">8</Set>
        <Set name="MaxThreads">64</Set>
        <Set name="MaxIdleTimeMs">60000</Set>
        <Set name="LowResourcePersistTimeMs">5000</Set>
        <Set name="ConfidentialPort">8443</Set>
        <Set name="IntegralPort">8443</Set>
      </New>
    </Arg>
  </Call>

<!--
  <Call name="addListener">
    <Arg>
      <New class="org.mortbay.http.ajp.AJP13Listener">
        <Set name="Port"><SystemProperty name="jetty.port" default="8009"/></Set>
        <Set name="MinThreads">5</Set>
        <Set name="MaxThreads">255</Set>
        <Set name="MaxIdleTimeMs">0</Set>
        <Set name="confidentialPort">443</Set>
      </New>
    </Arg>
  </Call>
-->

  <Call name="addWebApplication">
    <Arg>/web/*</Arg>
    <Arg><SystemProperty name="base.dir" default=""/>/webtest.ear/web.war</Arg>
  </Call>

<!--
  <Set name="RequestLog">
    <New class="org.mortbay.http.NCSARequestLog">
      <Arg><SystemProperty name="jetty.home" default="."/>/logs/yyyy_mm_dd.request.log</Arg>
    </New>
  </Set>
-->

</Configure>
